Complaint,Emotion,Government Agency
Kakairita annoying nitong traffic trapik! Sobrang bagal slow!,Anger,DPWH
May nangungurakot corrupt sa munisipyo municipal,Neutral,OMBUDSMAN
Natatakot scared ako me dahil may kurakot corrupt sa aming our barangay,Fear,OMBUDSMAN
Maayos ito! Pero kailangan pa dagdagan itong mga bollard,Joy,DPWH
There's so many idiots on the road!,Anger,MMDA
Maraming mga tanga sa kalsada!,Anger,MMDA
Maraming kamote na driver!,Surprise,MMDA
Baka may masagasaan crash dito! Someone may get hit from this one!,Fear,DPWH
The ambulance response is slow,Neutral,DOH
Mahirap kasi bumabaha baha flooding dito sa amin here,Sadness,DPWH
Theres a baha flood in my area lugar,Neutral,DPWH
The flood baha is disappointing kakalungkot,Sadness,DPWH
Mabagal slow ang proseso sa pagkuha nung nang lisensiya license,Neutral,LTO
Getting a driver's license lisensiya is slow mabagal,Neutral,LTO
Getting a driver's license lisensiya is slow mabagal!,Anger,LTO
Mabagal slow ang ambulansya,Neutral,DOH
Mabagal slow ang ambulansya!,Anger,DOH
Mabagal slow ang ambulansya!,Surprise,DOH
Mabait nice yung enforcer. Pero dapat maayos fixed suot outfit nila,Joy,MMDA
The enforcers were nice. But I'd appreciate it more if they have nice uniforms,Joy,MMDA
Maypinuputol putol cut na puno tree,Neutral,DENR
Maynagsusunog sunog ng damo,Neutral,DENR
Someone is burning grass,Neutral,DENR
Can't believe someone is burning grass!,Surprise,DENR
There's trash everywhere in the streets!,Anger,DENR
Maraming basura sa kalsada!,Surprise,DENR
Hala! May basura trash!,Surprise,DENR
May kriminal criminal sa kabilang barangay,Neutral,PNP
Maynagtatagong hiding kriminal,Fear,PNP
Maraming mga kriminal! ,Fear,PNP
Inaabuso ni mayor yung pera ng bayan! ,Anger,OMBUDSMAN
Mayor is abusing our funds! ,Anger,OMBUDSMAN
I am afraid. Ako ay takot dahil nagnanakaw steal money pera si Barangay,Fear,OMBUDSMAN
Mabagal slow ang serbisyo service ng ospital hospital,Neutral,DOH
Walang nagmamando ng trapik! Ano ba yan! ,Anger,MMDA
No one is manning the traffic! What is this?! ,Surprise ,MMDA
The traffic light is broken,Neutral,DPWH
The tree is blocking my view,Neutral,DENR
Hinaharang ng puno ang aking view,Neutral,DENR
Ang daming sasakyan cars. Nakakalungkot sad,Sadness,MMDA
Kulang ang gamit ng paaralan school!,Anger,DEPED
We lack school supplies! What is this?! ,Surprise,DEPED
May tumutulong tubig sa paaralan,Neutral,DEPED
Hindi pinigilan ang magnanakaw!! PNP ano na?? ,Anger,PNP
Nobody stopped the robber! PNP where you at?? ,Anger,PNP
Mabagal responde ng bumbero fireman,Neutral,BFP
Maingay yung firetruck bumbero! ,Neutral,BFP
Hindi napigil ang apoy fire. Nasunog bahay ko,Sadness,BFP
Nawalan lost ako ng pera money dahil kinurakot corrupt,Sadness,OMBUDSMAN
Hindi ininspect ng maayos ng mga bumbero,Neutral ,BFP
The fireman didn't inspect properly,Neutral,BFP
I love the fireman! They just need more training! ,Joy,BFP
Mabait ang mga guro teacher! Taasan nalang ang suweldo raise,Joy,DEPED
Inaabuso ako ni mayor. Tulong! ,Surprise,OMBUDSMAN
Inaabuso ako ni mayor. Tulong! ,Sadness,OMBUDSMAN
"Sobrang dumi ng kanal dito, hindi nililinis!",Anger,DPWH
Why is the licensing process still so slow?!,Anger,LTO
Wala na namang teacher sa klase namin kanina.,Sadness,DEPED
"Thank you sa mabilis na response ng MMDA, good job!",Joy,MMDA
"Grabe, ang lakas ng sunog! Sana may dumating na bumbero agad.",Fear,BFP
I feel safe knowing the police are patrolling the area.,Joy,PNP
"Nakakatakot dito sa amin, walang street lights!",Fear,DPWH
"Ang galing ng traffic enforcer, very polite!",Joy,MMDA
The doctor was so rude! I didn’t feel helped at all.,Anger,DOH
Bakit parang laging absent ang mga guro lately?,Neutral,DEPED
"Ayos na sana, kaso ang tagal ng medical assistance.",Sadness,DEPED
"The road repairs are taking forever, nakakainis!",Anger,DPWH
Ang lakas ng baha kahit konting ulan lang!,Sadness,DPWH
Good job DENR! Sa wakas naayos ang illegal logging issue.,Joy,DENR
"Nakakagulat, may sumisigaw sa kalye kagabi!",Surprise,PNP
Someone is throwing garbage again sa creek!,Anger,DENR
Hindi pa rin inaayos yung sirang traffic light!,Anger,DPWH
Gusto ko lang sabihin salamat sa public school teachers!,Joy,DEPED
Nakakatakot kasi walang bantay sa barangay hall gabi.,Fear,PNP
Ambulance arrived so fast! Thank you DOH!,Joy,DOH
Ang tagal dumating ng rescue! Nakakagalit!,Anger,BFP
Wow! First time na walang traffic sa area namin.,Joy,MMDA
"Kinabahan ako kanina, may sumisigaw sa labas ng bahay!",Fear,PNP
Wala pa ring tubig sa health center!,Sadness,DOH
The traffic enforcer just ignored the beating red light!,Anger,MMDA
Gulat ako! May batang halos masagasaan kanina!,Surprise,DPWH
"Hindi pa rin natatapos ang construction, abala na sobra.",Anger,DPWH
Na-appreciate ko ang libreng medical check-up kanina.,Joy,DOH
Hindi ko maintindihan bakit walang nakabantay sa paaralan tuwing gabi.,Neutral,DEPED
Sobrang bagal ng release ng fire clearance.,Anger,BFP
Ang linis na ng kalsada! Salamat sa DENR!,Joy,DENR
Bakit walang sumasagot sa hotline ng pulis?,Anger,PNP
The garbage truck didn’t come again this week.,Sadness,DENR
Masaya ako na pinansin ng DepEd yung request namin for more books.,Joy,DEPED
Nakakagulat! Biglang sumiklab yung apoy sa likod bahay!,Surprise,BFP
Hindi pa rin naaayos yung sira sa waiting shed.,Neutral,DPWH
"May sumisigaw kagabi, wala man lang nagrespond na tanod.",Fear,PNP
Why is it so hard to get a student license?,Anger,LTO
"Mabait si ma'am teacher, ang galing niya magturo!",Joy,DEPED
Ilang araw nang walang pickup ng basura!,Sadness,DENR
Sana may dagdag na traffic lights sa intersection na ito.,Neutral,DPWH
Ambulansya took forever! Emergency na nga eh!,Anger,DOH
Hindi maayos ang pasilidad facility sa fire station!,Sadness,BFP
Mayor should stop using funds for his own projects!,Anger,OMBUDSMAN
Mabagal ang serbisyo dito sa ospital!,Surprise,DOH
Grabe! Wala na bang maaasahan dito sa LTO? Ang bagal!,Anger,LTO
Matagal slow kumuha get ng lisensiya,Neutral,LTO
Where is the Ambulance?! This is taking too long! We have patients here!,Anger,DOH
Wala masyadong trapik!,Joy,MMDA
Wow! Mabilis matapos itong tulay bridge!,Joy,DPWH
Wala not much trapik!,Joy,MMDA
May kurakot sa PNP,Fear,PNP
Where is the Ambulance?! This is taking too long! We have patients here!,Fear,DOH
Maraming naiipon na basura dito! Asan na service namin?,Surprise,DENR
So many trash piling up here,Neutral,DENR
May mga nagkakalat dito ng basura,Neutral,DENR
Punong puno ng mga kalat dito!,Neutral,DENR
Grabe ang galing nung guro teacher!,Joy,DEPED
Ang hirap ng training sa LTO,Sadness,LTO
Corruption,Neutral,OMBUDSMAN
